Model,unique_id,Stage,Endoderm_cells_count_only,Ectoderm_cells_count_only,Double_positive_count,Negative_count,Total_cells
Model 1,1,9,31,195,48,47,321
Model 1,2,9,0,374,2,35,411
Model 1,3,9,9,42,2,193,246
Model 1,4,9,48,209,7,224,488
Model 1,5,9,0,182,0,49,231
Model 1,6,10.5,38,200,18,198,454
Model 1,7,10.5,79,107,4,171,361
Model 1,8,10.5,23,156,0,238,417
Model 1,9,10.5,37,279,0,393,709
Model 1,10,11,71,154,2,122,349
Model 1,11,11,36,161,8,164,369
Model 1,12,11,27,122,1,213,363
Model 1,13,11,125,328,3,506,962
Model 1,14,11,55,111,4,263,433
Model 1,15,12,63,280,7,453,803
Model 1,16,12,56,143,1,588,788
Model 1,17,12,29,70,1,314,414
Model 1,18,12,43,253,7,397,700
Model 1,19,12,16,90,2,351,459
Model 2,4,9,70,211,104,59,444
Model 2,5,9,3,536,9,54,602
Model 2,6,9,48,109,15,237,409
Model 2,7,9,134,251,53,199,637
Model 2,19,9,0,270,0,76,346
Model 2,8,10.5,166,138,19,130,453
Model 2,9,10.5,43,237,43,160,483
Model 2,10,10.5,107,194,5,457,763
Model 2,11,10.5,182,288,5,294,769
Model 2,14,11,274,212,15,293,794
Model 2,15,11,162,240,25,359,786
Model 2,16,11,114,186,1,442,743
Model 2,17,11,250,315,7,388,960
Model 2,18,11,123,192,21,312,648
Model 2,29,12,139,275,10,374,798
Model 2,30,12,167,166,1,603,937
Model 2,31,12,118,105,1,562,786
Model 2,32,12,103,244,11,425,783
Model 2,33,12,47,131,7,496,681